Target,RMSE,MAE,Bias,Predictions
temperature_max_target_21,5.315997623301599,4.184329402834219,0.31346560954243763,"[ 0.23557691 -1.78116777  0.05541407 ... 10.50324011 10.23963497
 14.05748058]"
temperature_max_target_22,5.318017167242368,4.1705416221251115,0.41711988695066204,"[ 4.12433983  0.62913868  0.93537741 ...  9.76222278  7.57238681
 12.60824313]"
temperature_max_target_23,5.329372100534093,4.190544075117885,0.5326918256895411,"[ 3.91146441  1.81331686  1.71275816 ...  9.65294833  8.29062474
 14.81563216]"
temperature_max_target_24,5.282798208088888,4.140107757509045,0.33202238851294485,"[ 3.90560816  1.32671701 -0.21254678 ...  8.25407525  5.6272916
 12.06734521]"
temperature_max_target_25,5.327293293379094,4.229740397057714,0.30221829944674816,"[ 5.13764498  1.32513125  0.57420028 ...  7.31419742  5.12477694
 11.60338711]"
temperature_max_target_26,5.324626038022455,4.227145742752795,0.25107176766709066,"[ 4.35294409  2.08767437  1.04474826 ...  6.70226026  4.57542517
 11.86051869]"
temperature_max_target_27,5.438052530294013,4.243025721280187,0.2764377653441731,[5.66333896 1.67201333 2.48074445 ... 4.76081816 2.88782399 9.30937542]
temperature_max_target_28,5.512361859169692,4.266532684661392,0.1144088660245772,[4.16220642 2.68085859 2.41707796 ... 4.43699744 3.80096971 9.36719288]
temperature_max_target_29,5.496466182775371,4.251175908278841,0.10463546081655761,[3.29241635 0.92966633 0.74858484 ... 2.80057987 2.52911478 8.03794048]
temperature_max_target_30,5.62954390460064,4.387466553230029,0.05921517259589372,"[ 3.57634776 -0.73794479 -2.01612325 ...  3.11659801  3.24103359
  6.25299032]"
temperature_max_target_31,5.600828625927285,4.352928607747274,-0.10811129732933618,"[ 4.02108235 -2.6290576  -3.70340776 ...  3.52654631  2.72291137
  5.28357312]"
temperature_max_target_32,5.506016611450013,4.281387347446561,0.0013132436486460665,"[ 1.84389969 -3.62247565 -4.33493434 ...  4.15153083  2.66579489
  7.7695822 ]"
temperature_max_target_33,5.50777860474057,4.313693914622723,0.02347776939708141,"[ 2.16039551 -2.91813525 -3.66631187 ...  5.47784291  6.7346892
  9.96938758]"
temperature_max_target_34,5.459609075284168,4.315296634493062,0.12327387226205933,"[-0.11178104 -2.14557563 -3.40342274 ...  5.70086782  9.04512956
  9.85353336]"
temperature_max_target_35,5.542981689545259,4.3550868498951285,0.09742630816377082,"[ 2.2004995  -0.82747966 -3.999676   ...  6.12442979  6.00656689
  9.95251537]"
temperature_min_target_21,3.7945962607074324,2.9652052973251797,0.20258410771745589,"[ -9.09751073 -10.88208389 -10.36947068 ...   3.89157073   2.40942823
   6.61343803]"
temperature_min_target_22,3.774705575912023,2.928510951695018,0.24697482678789814,"[-4.99719682 -9.19191916 -7.27588269 ...  3.9779733   2.11516555
  6.14249272]"
temperature_min_target_23,3.7923251932563877,2.9397413579753375,0.46923614001136754,"[-3.71088394 -8.53125239 -7.18098507 ...  3.50790889  0.89921944
  6.30391314]"
temperature_min_target_24,3.7096870362294796,2.8761820043559516,0.5168215608661837,"[-3.57004112 -8.21724591 -6.90535147 ...  3.74840347  0.11207662
  5.47942484]"
temperature_min_target_25,3.7628807913116966,2.9075617919520393,0.32831345008537277,"[-1.44412677 -5.5643101  -5.61675483 ...  1.56471489 -2.33045536
  3.29349234]"
temperature_min_target_26,3.738752079660823,2.884175068196748,0.3423793645826069,"[-2.36647977 -6.95994989 -5.7429771  ...  0.14893927 -2.52777334
  4.90025112]"
temperature_min_target_27,3.785150366412508,2.921289066299116,0.22093804398869052,"[-3.5341873  -8.21754048 -7.37139632 ... -1.08682807 -4.02424173
  4.41219686]"
temperature_min_target_28,3.8870777261170524,2.9900580665770327,0.09310847040714532,"[-1.91262291 -7.70585664 -6.35452418 ... -0.99336186 -2.44453551
  2.93374559]"
temperature_min_target_29,4.018879508596964,3.051547669813441,0.06042938303202879,"[-2.73566645 -7.6700892  -5.77053806 ... -1.50847793 -3.11034785
  1.79609545]"
temperature_min_target_30,4.023119190368415,3.0257637749060895,0.14301767608917504,"[-5.21331419 -8.50538761 -8.43572783 ... -1.5475316  -3.69567856
  1.34248444]"
temperature_min_target_31,3.9625167298450488,2.982734992658246,0.12066860772447588,"[ -2.55960025 -10.13036475  -8.2178978  ...  -1.45795668  -2.87371141
   1.61250216]"
temperature_min_target_32,3.9688964637717716,3.0286300386711975,0.16164236006584345,"[-2.95664933 -9.65384309 -8.18461454 ... -2.72997309 -3.7000127
  1.64137749]"
temperature_min_target_33,3.949084158778357,3.047634147304481,0.2277001319378492,"[-2.79390044 -9.2234885  -9.12062695 ... -0.92906907 -2.42246249
  3.37899941]"
temperature_min_target_34,3.911301171668179,3.0061075709835228,0.23816355866799,"[ -2.57890613 -10.56743868  -8.96592697 ...   1.68939194   1.13335069
   4.06553303]"
temperature_min_target_35,3.9160918373225333,3.044111094524439,0.23349253130233494,"[ -5.21796077 -11.7364278  -10.43748425 ...   1.23199755   0.52752176
   3.76486589]"
temperature_mean_target_21,4.087523655911955,3.2009294180349226,0.27748499578709324,"[-3.13316842 -5.67083676 -5.71231766 ...  7.02371248  4.07878975
  9.40839891]"
temperature_mean_target_22,4.104044420372776,3.1937468522710235,0.35020994407979067,"[-0.76214487 -5.64352586 -3.15676777 ...  6.24862368  5.02271146
 10.84237122]"
temperature_mean_target_23,4.076420222341282,3.181385002768732,0.549007168304345,"[ 0.32074746 -3.83739572 -2.73596004 ...  6.07721911  3.42394245
  9.42333249]"
temperature_mean_target_24,4.0454161488381795,3.1527439702840554,0.4455926623360176,"[-0.88232952 -3.08758035 -3.75591919 ...  5.10783845  2.78169337
  8.41191144]"
temperature_mean_target_25,4.058539719049224,3.155947391584496,0.3489382960960746,"[ 1.03925052 -3.2929463  -3.27220807 ...  4.69354561  2.00969136
  7.42024617]"
temperature_mean_target_26,4.034324289586282,3.1319673626550015,0.32312897778095734,"[ 1.30859286 -2.48212239 -1.14842056 ...  2.97937806  0.42886419
  7.58794148]"
temperature_mean_target_27,4.160617011110545,3.2089894748747114,0.2645174637745946,"[ 0.10486295 -4.69235729 -2.41694231 ...  2.1762215   0.86018132
  7.28769772]"
temperature_mean_target_28,4.332762927782627,3.328100985157783,0.15591310766496597,"[ 1.58625576 -2.55598564 -2.23312163 ...  2.07927422  1.38313322
  5.84869833]"
temperature_mean_target_29,4.359007169901313,3.3393699140834876,0.1202135044018958,"[-0.40374268 -2.46873746 -2.74801109 ...  1.25875283 -0.05134558
  4.70707145]"
temperature_mean_target_30,4.370742740975633,3.3375711684945024,0.11184844672529748,"[-0.38313227 -4.1769635  -4.34294895 ...  1.33918228  0.04194342
  4.41393327]"
temperature_mean_target_31,4.324513573987996,3.3081205158496516,0.03232991350857246,"[-0.79397629 -5.6912101  -5.88942629 ...  0.64996929 -0.36282075
  2.44311333]"
temperature_mean_target_32,4.270285019888645,3.240459403669723,0.05907483625068967,"[ 0.32303055 -6.49771894 -6.9759275  ...  1.05995636 -0.00733889
  4.310794  ]"
temperature_mean_target_33,4.28605259089295,3.2831538880865363,0.14336938697068458,"[-0.52955104 -5.59698607 -6.33224723 ...  2.7334995   3.42678072
  5.90113086]"
temperature_mean_target_34,4.251670876795454,3.2838118170595716,0.1902255338088733,"[ 0.65695966 -6.5833256  -5.72641955 ...  4.26419262  4.48584318
  7.10853898]"
temperature_mean_target_35,4.244214369842137,3.327543222667539,0.17026125710608192,"[ 0.15912291 -6.82177078 -7.16860038 ...  4.70978393  4.87103161
  8.00781486]"
